id,nome,endereco_fk,cpf,email,telefone,usuario,senha
null,Jose otavio,1,58947513,a_vanessinha_1990@hotmail.com,283033842,Jose otavio,xdsrtrefd12s5d
null,Yan Germano,2,49654132,a3sign@pandora.be,8386352866,Yan Germano,xfe45f4dsg8sd4
null,Olaf ,3,54965132,aaanika2@hotmail.com,4484771904,Olaf ,thyt8h4tgf5dfd
null,Ricardo oliveira,4,78961231,aaron2003s@bol.com.br,7058140035,Ricardo oliveira,dsgr87g985
null,Rafael Ramos,5,73456312,aaron--21@hotmail.com,106556486,Rafael Ramos,ds54gfr9gh8r74987
null,Victo santos,6,19875251,abidoral@hotmail.com,8604526264,Victo santos,f54er69f5e45c1
null,Santos Santana ,7,94652128,abk_333@hotmail.com,7165712203,Santos Santana ,fe45e65cf1d2
null,Isac vitor,8,89412311,abner_bim@hotmail.com,6572822859,Isac vitor,5f4685ds46
null,Nicholas olaf,9,87653132,abner_bim@hotmail.com,3806575226,Nicholas olaf,3v21r6541e984
null,Victor leandro,10,58465213,acacio_divix@hotmail.com,6488569361,Victor leandro,dsa5dw4a5
null,Maria Silva,11,21162501235,teste1@gmailcom,95841262,Maria Silva,3v21r6541e984
null,João Santos,12,21162501236,teste2@gmail.com,95841263,João Santos,xdsrtrefd12s5d
null,Tiago Pereira,13,21162501237,teste3@gmail.com,95841264,Tiago Pereira,xfe45f4dsg8sd5
null,César Anchieta,14,21162501238,teste4@gmail.com,95841265,César Anchieta,thyt8h4tgf5dfd
null,Cleison Vieira,15,21162501239,teste5@gmail.com,95841266,Cleison Vieira,dsgr87g986
null,Jéssica Moreira,16,21162501240,teste6@gmail.com,95841267,Jéssica Moreira,ds54gfr9gh8r74988
null,Adriana de Jesus,17,21162501241,teste7@gmail.com,95841268,Adriana de Jesus,f54er69f5e45c2
null,Arthur Calmon,18,21162501242,teste8@gmail.com,95841269,Arthur Calmon,fe45e65cf1d3
null,Augusto Martins,19,21162501243,teste9@gmail.com,95841270,Augusto Martins,5f4685ds47
null,Renato Pizza,20,21162501244,teste10@gmail.com,95841271,Renato Pizza,3v21r6541e985
null,Antônio Breda,21,21162501245,teste11@gmail.com,95841272,Antônio Breda,dsa5dw4a6
null,Joana Ferreira,22,21162501246,teste12@gmail.com,95841273,Joana Ferreira,3v21r6541e985
null,Renata Alves,23,21162501247,teste13@gmail.com,95841274,Renata Alves,xdsrtrefd12s5d
null,Juscelino Braga,24,21162501248,teste14@gmail.com,95841275,Juscelino Braga,xfe45f4dsg8sd6
null,Pedro Almeida,25,21162501249,teste15@gmail.com,95841276,Pedro Almeida,thyt8h4tgf5dfd
null,Felipe da Costa,26,21162501250,teste16@gmail.com,95841277,Felipe da Costa,dsgr87g987
null,Cauã de Souza,27,21162501251,teste17@gmail.com,95841278,Cauã de Souza,ds54gfr9gh8r74989
null,Vitor,28,21162501252,teste18@gmail.com,95841279,Vitor,f54er69f5e45c3
null,Eduardo,29,21162501253,teste19@gmail.com,95841280,Eduardo,fe45e65cf1d4
null,Henrique Gonçalves,30,21162501254,teste20@gmail.com,95841281,Henrique Gonçalves,5f4685ds48
null,Murilo,31,21162501255,teste21@gmail.com,95841282,Murilo,3v21r6541e986
null,Pietro,32,21162501256,teste22@gmail.com,95841283,Pietro,dsa5dw4a7
null,Gabriel,33,21162501257,teste23@gmail.com,95841284,Gabriel,3v21r6541e986
null,David,34,21162501258,teste24@gmail.com,95841285,David,xdsrtrefd12s5d
null,Miguel,35,21162501259,teste25@gmail.com,95841286,Miguel,xfe45f4dsg8sd7
null,Gustavo,36,21162501260,teste26@gmail.com,95841287,Gustavo,thyt8h4tgf5dfd
null,Bianca,37,21162501261,teste27@gmail.com,95841288,Bianca,dsgr87g988
null,Vera,38,21162501262,teste28@gmail.com,95841289,Vera,ds54gfr9gh8r74990
null,Victória,39,21162501263,teste29@gmail.com,95841290,Victória,f54er69f5e45c4
null,Renan,40,21162501264,teste30@gmail.com,95841291,Renan,fe45e65cf1d5
null,Thales,41,21162501265,teste31@gmail.com,95841292,Thales,5f4685ds49
null,Henry,42,21162501266,teste32@gmail.com,95841293,Henry,3v21r6541e987
null,Kevin,43,21162501267,teste33@gmail.com,95841294,Kevin,dsa5dw4a8
null,Enrico,44,21162501268,teste34@gmail.com,95841295,Enrico,3v21r6541e987
null,Ana,45,21162501269,teste35@gmail.com,95841296,Ana,xdsrtrefd12s5d
null,Amanda,46,21162501270,teste36@gmail.com,95841297,Amanda,xfe45f4dsg8sd8
null,Clarice,47,21162501271,teste37@gmail.com,95841298,Clarice,thyt8h4tgf5dfd
null,Larissa,48,21162501272,teste38@gmail.com,95841299,Larissa,dsgr87g989
null,Laís,49,21162501273,teste39@gmail.com,95841300,Laís,ds54gfr9gh8r74991
null,Antonela,50,21162501274,teste40@gmail.com,95841301,Antonela,f54er69f5e45c5
null,Helena,51,21162501275,teste41@gmail.com,95841302,Helena,fe45e65cf1d6
null,Valentina,52,21162501276,teste42@gmail.com,95841303,Valentina,5f4685ds50
null,Matheus,53,21162501277,teste43@gmail.com,95841304,Matheus,3v21r6541e988
null,Bernardo,54,21162501278,teste44@gmail.com,95841305,Bernardo,dsa5dw4a9
null,Sophia,55,21162501279,teste45@gmail.com,95841306,Sophia,3v21r6541e988
null,Júlia,56,21162501280,teste46@gmail.com,95841307,Júlia,xdsrtrefd12s5d
null,Theo,57,21162501281,teste47@gmail.com,95841308,Theo,xfe45f4dsg8sd9
null,Manuela,58,21162501282,teste48@gmail.com,95841309,Manuela,thyt8h4tgf5dfd
null,Gael,59,21162501283,teste49@gmail.com,95841310,Gael,dsgr87g990
null,Isabela,60,21162501284,teste50@gmail.com,95841311,Isabela,dsgr87g991